"OrderNumber","InventoryStatus","PaymentStatus","Vendor","ContactName","Phone","Email","VendorAddress1","VendorAddress2","VendorCity","VendorState","VendorCountry","VendorPostalCode","VendorAddressRemarks","ShipToCompanyName","ShipToAddress1","ShipToAddress2","ShipToCity","ShipToState","ShipToCountry","ShipToPostalCode","ShipToAddressRemarks","CurrencyCode","ExchangeRate","NonVendorCost","OrderDate","OrderRemarks","Freight","DueDate","DatePaid","AmountPaid","RequestedShipDate","VendorOrderNumber","Location","PaymentTerms","PaymentMethod","TaxingScheme","Tax1Rate","Tax2Rate","CalculateTax2OnTax1","Tax1Name","Tax2Name","Tax1OnShipping","Tax2OnShipping","ProductName","ProductSKU","ProductDescription","ProductQuantity","ProductQuantityUoM","ProductUnitPrice","ProductDiscount","VendorProductCode","ProductSubtotal","ProductSerials","SpecialTaxRate","ApproverTeamMember","AssignedToTeamMember","IsQuote","IsCancelled"
"Emergency stock July 2025","Started","Unpaid","Moonglow US","Moonglow LLC","","riaz@moonglow.com","5183 NW 74th Ave ","","Miami","FL","US","33166 ","","","Shop 1B","1794 David Low Way","Coolum Beach","QLD","Australia","4573","","USD","0.6514300000","$0.00","7/29/2025 3:55:38 AM +00:00","received 40 (20 were 7D in error) FS10-6D / FS10-7D extra 120 received. 10 extra 2r Gold, 40 Mini Ituri Silver, 20 extra Mini Usambara Silver. extra 20 NL FS10. ALL ADDED TO PO.","0.00000","","","0.00000","","","Moonglow HQ","","","Non-Taxable","0.00000","0.00000","False","Non-Taxable","","False","False","Pallene bracelet chain stainless steel- short","SS-BRA-CURB-SM","","80.0000","","2.39000","0 %","","191.20000","","Taxable","","","False","False"
"Emergency stock July 2025","Started","Unpaid","Moonglow US","Moonglow LLC","","riaz@moonglow.com","5183 NW 74th Ave ","","Miami","FL","US","33166 ","","","Shop 1B","1794 David Low Way","Coolum Beach","QLD","Australia","4573","","USD","0.6514300000","$0.00","7/29/2025 3:55:38 AM +00:00","received 40 (20 were 7D in error) FS10-6D / FS10-7D extra 120 received. 10 extra 2r Gold, 40 Mini Ituri Silver, 20 extra Mini Usambara Silver. extra 20 NL FS10. ALL ADDED TO PO.","0.00000","","","0.00000","","","Moonglow HQ","","","Non-Taxable","0.00000","0.00000","False","Non-Taxable","","False","False","Pallene bracelet chain yellow gold- long","YG-BRA-CURB","","50.0000","","3.23000","0 %","","161.50000","","Taxable","","","False","False"
"Emergency stock July 2025","Started","Unpaid","Moonglow US","Moonglow LLC","","riaz@moonglow.com","5183 NW 74th Ave ","","Miami","FL","US","33166 ","","","Shop 1B","1794 David Low Way","Coolum Beach","QLD","Australia","4573","","USD","0.6514300000","$0.00","7/29/2025 3:55:38 AM +00:00","received 40 (20 were 7D in error) FS10-6D / FS10-7D extra 120 received. 10 extra 2r Gold, 40 Mini Ituri Silver, 20 extra Mini Usambara Silver. extra 20 NL FS10. ALL ADDED TO PO.","0.00000","","","0.00000","","","Moonglow HQ","","","Non-Taxable","0.00000","0.00000","False","Non-Taxable","","False","False","Pallene bracelet chain yellow gold- short","YG-BRA-CURB-SM","","30.0000","","3.23000","0 %","","96.90000","","Taxable","","","False","False"
"Emergency stock July 2025","Started","Unpaid","Moonglow US","Moonglow LLC","","riaz@moonglow.com","5183 NW 74th Ave ","","Miami","FL","US","33166 ","","","Shop 1B","1794 David Low Way","Coolum Beach","QLD","Australia","4573","","USD","0.6514300000","$0.00","7/29/2025 3:55:38 AM +00:00","received 40 (20 were 7D in error) FS10-6D / FS10-7D extra 120 received. 10 extra 2r Gold, 40 Mini Ituri Silver, 20 extra Mini Usambara Silver. extra 20 NL FS10. ALL ADDED TO PO.","0.00000","","","0.00000","","","Moonglow HQ","","","Non-Taxable","0.00000","0.00000","False","Non-Taxable","","False","False","Stainless Steel Link Chain","CH-004-ST-16-20","","80.0000","","0.00000","0 %","","0.00000","","Taxable","","","False","False"
"Emergency stock July 2025","Started","Unpaid","Moonglow US","Moonglow LLC","","riaz@moonglow.com","5183 NW 74th Ave ","","Miami","FL","US","33166 ","","","Shop 1B","1794 David Low Way","Coolum Beach","QLD","Australia","4573","","USD","0.6514300000","$0.00","7/29/2025 3:55:38 AM +00:00","received 40 (20 were 7D in error) FS10-6D / FS10-7D extra 120 received. 10 extra 2r Gold, 40 Mini Ituri Silver, 20 extra Mini Usambara Silver. extra 20 NL FS10. ALL ADDED TO PO.","0.00000","","","0.00000","","","Moonglow HQ","","","Non-Taxable","0.00000","0.00000","False","Non-Taxable","","False","False","Carina Twist Bracelet in Black Matte","CARINA-BRA-BL + FS10","","20.0000","","0.00000","0 %","","0.00000","","Taxable","","","False","False"
"Emergency stock July 2025","Started","Unpaid","Moonglow US","Moonglow LLC","","riaz@moonglow.com","5183 NW 74th Ave ","","Miami","FL","US","33166 ","","","Shop 1B","1794 David Low Way","Coolum Beach","QLD","Australia","4573","","USD","0.6514300000","$0.00","7/29/2025 3:55:38 AM +00:00","received 40 (20 were 7D in error) FS10-6D / FS10-7D extra 120 received. 10 extra 2r Gold, 40 Mini Ituri Silver, 20 extra Mini Usambara Silver. extra 20 NL FS10. ALL ADDED TO PO.","0.00000","","","0.00000","","","Moonglow HQ","","","Non-Taxable","0.00000","0.00000","False","Non-Taxable","","False","False","Carina Twist Bracelet in Stainless Steel","CARINA-BRA-SS","","20.0000","","5.67000","0 %","","113.40000","","Taxable","","","False","False"
"Emergency stock July 2025","Started","Unpaid","Moonglow US","Moonglow LLC","","riaz@moonglow.com","5183 NW 74th Ave ","","Miami","FL","US","33166 ","","","Shop 1B","1794 David Low Way","Coolum Beach","QLD","Australia","4573","","USD","0.6514300000","$0.00","7/29/2025 3:55:38 AM +00:00","received 40 (20 were 7D in error) FS10-6D / FS10-7D extra 120 received. 10 extra 2r Gold, 40 Mini Ituri Silver, 20 extra Mini Usambara Silver. extra 20 NL FS10. ALL ADDED TO PO.","0.00000","","","0.00000","","","Moonglow HQ","","","Non-Taxable","0.00000","0.00000","False","Non-Taxable","","False","False","Carina Twist Bracelet in Gold","CARINA-BRA-YG","","20.0000","","6.80000","0 %","","136.00000","","Taxable","","","False","False"
"Emergency stock July 2025","Started","Unpaid","Moonglow US","Moonglow LLC","","riaz@moonglow.com","5183 NW 74th Ave ","","Miami","FL","US","33166 ","","","Shop 1B","1794 David Low Way","Coolum Beach","QLD","Australia","4573","","USD","0.6514300000","$0.00","7/29/2025 3:55:38 AM +00:00","received 40 (20 were 7D in error) FS10-6D / FS10-7D extra 120 received. 10 extra 2r Gold, 40 Mini Ituri Silver, 20 extra Mini Usambara Silver. extra 20 NL FS10. ALL ADDED TO PO.","0.00000","","","0.00000","","","Moonglow HQ","","","Non-Taxable","0.00000","0.00000","False","Non-Taxable","","False","False","The Titan Bracelet","MEN-BRA-CURB-BK + FS10","","20.0000","","7.35000","0 %","","147.00000","","Taxable","","","False","False"
"Emergency stock July 2025","Started","Unpaid","Moonglow US","Moonglow LLC","","riaz@moonglow.com","5183 NW 74th Ave ","","Miami","FL","US","33166 ","","","Shop 1B","1794 David Low Way","Coolum Beach","QLD","Australia","4573","","USD","0.6514300000","$0.00","7/29/2025 3:55:38 AM +00:00","received 40 (20 were 7D in error) FS10-6D / FS10-7D extra 120 received. 10 extra 2r Gold, 40 Mini Ituri Silver, 20 extra Mini Usambara Silver. extra 20 NL FS10. ALL ADDED TO PO.","0.00000","","","0.00000","","","Moonglow HQ","","","Non-Taxable","0.00000","0.00000","False","Non-Taxable","","False","False","Sky Light Pendant in Stainless Steel","SkylightSS","","50.0000","","0.00000","0 %","","0.00000","","Taxable","","","False","False"
"Emergency stock July 2025","Started","Unpaid","Moonglow US","Moonglow LLC","","riaz@moonglow.com","5183 NW 74th Ave ","","Miami","FL","US","33166 ","","","Shop 1B","1794 David Low Way","Coolum Beach","QLD","Australia","4573","","USD","0.6514300000","$0.00","7/29/2025 3:55:38 AM +00:00","received 40 (20 were 7D in error) FS10-6D / FS10-7D extra 120 received. 10 extra 2r Gold, 40 Mini Ituri Silver, 20 extra Mini Usambara Silver. extra 20 NL FS10. ALL ADDED TO PO.","0.00000","","","0.00000","","","Moonglow HQ","","","Non-Taxable","0.00000","0.00000","False","Non-Taxable","","False","False","Sky Light Pendant in Gold","SkylightYG","","50.0000","","0.00000","0 %","","0.00000","","Taxable","","","False","False"
"Emergency stock July 2025","Started","Unpaid","Moonglow US","Moonglow LLC","","riaz@moonglow.com","5183 NW 74th Ave ","","Miami","FL","US","33166 ","","","Shop 1B","1794 David Low Way","Coolum Beach","QLD","Australia","4573","","USD","0.6514300000","$0.00","7/29/2025 3:55:38 AM +00:00","received 40 (20 were 7D in error) FS10-6D / FS10-7D extra 120 received. 10 extra 2r Gold, 40 Mini Ituri Silver, 20 extra Mini Usambara Silver. extra 20 NL FS10. ALL ADDED TO PO.","0.00000","","","0.00000","","","Moonglow HQ","","","Non-Taxable","0.00000","0.00000","False","Non-Taxable","","False","False","Sky Light Pendant Matte Black","SkylightBLK","","20.0000","","6.51000","0 %","","130.20000","","Taxable","","","False","False"
"Emergency stock July 2025","Started","Unpaid","Moonglow US","Moonglow LLC","","riaz@moonglow.com","5183 NW 74th Ave ","","Miami","FL","US","33166 ","","","Shop 1B","1794 David Low Way","Coolum Beach","QLD","Australia","4573","","USD","0.6514300000","$0.00","7/29/2025 3:55:38 AM +00:00","received 40 (20 were 7D in error) FS10-6D / FS10-7D extra 120 received. 10 extra 2r Gold, 40 Mini Ituri Silver, 20 extra Mini Usambara Silver. extra 20 NL FS10. ALL ADDED TO PO.","0.00000","","","0.00000","","","Moonglow HQ","","","Non-Taxable","0.00000","0.00000","False","Non-Taxable","","False","False","Your chosen moon phase - MD-REG-7D","MD-REG-7D","","20.0000","","3.57000","0 %","","71.40000","","Taxable","","","False","False"
"Emergency stock July 2025","Started","Unpaid","Moonglow US","Moonglow LLC","","riaz@moonglow.com","5183 NW 74th Ave ","","Miami","FL","US","33166 ","","","Shop 1B","1794 David Low Way","Coolum Beach","QLD","Australia","4573","","USD","0.6514300000","$0.00","7/29/2025 3:55:38 AM +00:00","received 40 (20 were 7D in error) FS10-6D / FS10-7D extra 120 received. 10 extra 2r Gold, 40 Mini Ituri Silver, 20 extra Mini Usambara Silver. extra 20 NL FS10. ALL ADDED TO PO.","0.00000","","","0.00000","","","Moonglow HQ","","","Non-Taxable","0.00000","0.00000","False","Non-Taxable","","False","False","Your chosen moon phase - MD-REG-NL","MD-REG-NL","","50.0000","","3.57000","0 %","","178.50000","","Taxable","","","False","False"
"Emergency stock July 2025","Started","Unpaid","Moonglow US","Moonglow LLC","","riaz@moonglow.com","5183 NW 74th Ave ","","Miami","FL","US","33166 ","","","Shop 1B","1794 David Low Way","Coolum Beach","QLD","Australia","4573","","USD","0.6514300000","$0.00","7/29/2025 3:55:38 AM +00:00","received 40 (20 were 7D in error) FS10-6D / FS10-7D extra 120 received. 10 extra 2r Gold, 40 Mini Ituri Silver, 20 extra Mini Usambara Silver. extra 20 NL FS10. ALL ADDED TO PO.","0.00000","","","0.00000","","","Moonglow HQ","","","Non-Taxable","0.00000","0.00000","False","Non-Taxable","","False","False","Your chosen moon phase - MD-MINI-1A","MD-MINI-1A","","20.0000","","3.50000","0 %","","70.00000","","Taxable","","","False","False"
"Emergency stock July 2025","Started","Unpaid","Moonglow US","Moonglow LLC","","riaz@moonglow.com","5183 NW 74th Ave ","","Miami","FL","US","33166 ","","","Shop 1B","1794 David Low Way","Coolum Beach","QLD","Australia","4573","","USD","0.6514300000","$0.00","7/29/2025 3:55:38 AM +00:00","received 40 (20 were 7D in error) FS10-6D / FS10-7D extra 120 received. 10 extra 2r Gold, 40 Mini Ituri Silver, 20 extra Mini Usambara Silver. extra 20 NL FS10. ALL ADDED TO PO.","0.00000","","","0.00000","","","Moonglow HQ","","","Non-Taxable","0.00000","0.00000","False","Non-Taxable","","False","False","Your chosen moon phase - MD-MINI-3A","MD-MINI-3A","","40.0000","","3.50000","0 %","","140.00000","","Taxable","","","False","False"
"Emergency stock July 2025","Started","Unpaid","Moonglow US","Moonglow LLC","","riaz@moonglow.com","5183 NW 74th Ave ","","Miami","FL","US","33166 ","","","Shop 1B","1794 David Low Way","Coolum Beach","QLD","Australia","4573","","USD","0.6514300000","$0.00","7/29/2025 3:55:38 AM +00:00","received 40 (20 were 7D in error) FS10-6D / FS10-7D extra 120 received. 10 extra 2r Gold, 40 Mini Ituri Silver, 20 extra Mini Usambara Silver. extra 20 NL FS10. ALL ADDED TO PO.","0.00000","","","0.00000","","","Moonglow HQ","","","Non-Taxable","0.00000","0.00000","False","Non-Taxable","","False","False","Your chosen moon phase - MD-MINI-4A","MD-MINI-4A","","20.0000","","3.50000","0 %","","70.00000","","Taxable","","","False","False"
"Emergency stock July 2025","Started","Unpaid","Moonglow US","Moonglow LLC","","riaz@moonglow.com","5183 NW 74th Ave ","","Miami","FL","US","33166 ","","","Shop 1B","1794 David Low Way","Coolum Beach","QLD","Australia","4573","","USD","0.6514300000","$0.00","7/29/2025 3:55:38 AM +00:00","received 40 (20 were 7D in error) FS10-6D / FS10-7D extra 120 received. 10 extra 2r Gold, 40 Mini Ituri Silver, 20 extra Mini Usambara Silver. extra 20 NL FS10. ALL ADDED TO PO.","0.00000","","","0.00000","","","Moonglow HQ","","","Non-Taxable","0.00000","0.00000","False","Non-Taxable","","False","False","Your chosen moon phase - MD-MINI-5A","MD-MINI-5A","","20.0000","","3.50000","0 %","","70.00000","","Taxable","","","False","False"
"Emergency stock July 2025","Started","Unpaid","Moonglow US","Moonglow LLC","","riaz@moonglow.com","5183 NW 74th Ave ","","Miami","FL","US","33166 ","","","Shop 1B","1794 David Low Way","Coolum Beach","QLD","Australia","4573","","USD","0.6514300000","$0.00","7/29/2025 3:55:38 AM +00:00","received 40 (20 were 7D in error) FS10-6D / FS10-7D extra 120 received. 10 extra 2r Gold, 40 Mini Ituri Silver, 20 extra Mini Usambara Silver. extra 20 NL FS10. ALL ADDED TO PO.","0.00000","","","0.00000","","","Moonglow HQ","","","Non-Taxable","0.00000","0.00000","False","Non-Taxable","","False","False","Your chosen moon phase - MD-MINI-6A","MD-MINI-6A","","20.0000","","3.50000","0 %","","70.00000","","Taxable","","","False","False"
"Emergency stock July 2025","Started","Unpaid","Moonglow US","Moonglow LLC","","riaz@moonglow.com","5183 NW 74th Ave ","","Miami","FL","US","33166 ","","","Shop 1B","1794 David Low Way","Coolum Beach","QLD","Australia","4573","","USD","0.6514300000","$0.00","7/29/2025 3:55:38 AM +00:00","received 40 (20 were 7D in error) FS10-6D / FS10-7D extra 120 received. 10 extra 2r Gold, 40 Mini Ituri Silver, 20 extra Mini Usambara Silver. extra 20 NL FS10. ALL ADDED TO PO.","0.00000","","","0.00000","","","Moonglow HQ","","","Non-Taxable","0.00000","0.00000","False","Non-Taxable","","False","False","Your chosen moon phase - MD-MINI-7A","MD-MINI-7A","","100.0000","","3.50000","0 %","","350.00000","","Taxable","","","False","False"
"Emergency stock July 2025","Started","Unpaid","Moonglow US","Moonglow LLC","","riaz@moonglow.com","5183 NW 74th Ave ","","Miami","FL","US","33166 ","","","Shop 1B","1794 David Low Way","Coolum Beach","QLD","Australia","4573","","USD","0.6514300000","$0.00","7/29/2025 3:55:38 AM +00:00","received 40 (20 were 7D in error) FS10-6D / FS10-7D extra 120 received. 10 extra 2r Gold, 40 Mini Ituri Silver, 20 extra Mini Usambara Silver. extra 20 NL FS10. ALL ADDED TO PO.","0.00000","","","0.00000","","","Moonglow HQ","","","Non-Taxable","0.00000","0.00000","False","Non-Taxable","","False","False","Your chosen moon phase - MD-MINI-2D","MD-MINI-2D","","20.0000","","3.50000","0 %","","70.00000","","Taxable","","","False","False"
"Emergency stock July 2025","Started","Unpaid","Moonglow US","Moonglow LLC","","riaz@moonglow.com","5183 NW 74th Ave ","","Miami","FL","US","33166 ","","","Shop 1B","1794 David Low Way","Coolum Beach","QLD","Australia","4573","","USD","0.6514300000","$0.00","7/29/2025 3:55:38 AM +00:00","received 40 (20 were 7D in error) FS10-6D / FS10-7D extra 120 received. 10 extra 2r Gold, 40 Mini Ituri Silver, 20 extra Mini Usambara Silver. extra 20 NL FS10. ALL ADDED TO PO.","0.00000","","","0.00000","","","Moonglow HQ","","","Non-Taxable","0.00000","0.00000","False","Non-Taxable","","False","False","Your chosen moon phase - MD-MINI-6D","MD-MINI-6D","","100.0000","","3.50000","0 %","","350.00000","","Taxable","","","False","False"
"Emergency stock July 2025","Started","Unpaid","Moonglow US","Moonglow LLC","","riaz@moonglow.com","5183 NW 74th Ave ","","Miami","FL","US","33166 ","","","Shop 1B","1794 David Low Way","Coolum Beach","QLD","Australia","4573","","USD","0.6514300000","$0.00","7/29/2025 3:55:38 AM +00:00","received 40 (20 were 7D in error) FS10-6D / FS10-7D extra 120 received. 10 extra 2r Gold, 40 Mini Ituri Silver, 20 extra Mini Usambara Silver. extra 20 NL FS10. ALL ADDED TO PO.","0.00000","","","0.00000","","","Moonglow HQ","","","Non-Taxable","0.00000","0.00000","False","Non-Taxable","","False","False","Your chosen moon phase - MD-MINI-7D","MD-MINI-7D","","100.0000","","3.50000","0 %","","350.00000","","Taxable","","","False","False"
"Emergency stock July 2025","Started","Unpaid","Moonglow US","Moonglow LLC","","riaz@moonglow.com","5183 NW 74th Ave ","","Miami","FL","US","33166 ","","","Shop 1B","1794 David Low Way","Coolum Beach","QLD","Australia","4573","","USD","0.6514300000","$0.00","7/29/2025 3:55:38 AM +00:00","received 40 (20 were 7D in error) FS10-6D / FS10-7D extra 120 received. 10 extra 2r Gold, 40 Mini Ituri Silver, 20 extra Mini Usambara Silver. extra 20 NL FS10. ALL ADDED TO PO.","0.00000","","","0.00000","","","Moonglow HQ","","","Non-Taxable","0.00000","0.00000","False","Non-Taxable","","False","False","Your chosen moon phase - MD-MINI-CA","MD-MINI-CA","","40.0000","","3.50000","0 %","","140.00000","","Taxable","","","False","False"
"Emergency stock July 2025","Started","Unpaid","Moonglow US","Moonglow LLC","","riaz@moonglow.com","5183 NW 74th Ave ","","Miami","FL","US","33166 ","","","Shop 1B","1794 David Low Way","Coolum Beach","QLD","Australia","4573","","USD","0.6514300000","$0.00","7/29/2025 3:55:38 AM +00:00","received 40 (20 were 7D in error) FS10-6D / FS10-7D extra 120 received. 10 extra 2r Gold, 40 Mini Ituri Silver, 20 extra Mini Usambara Silver. extra 20 NL FS10. ALL ADDED TO PO.","0.00000","","","0.00000","","","Moonglow HQ","","","Non-Taxable","0.00000","0.00000","False","Non-Taxable","","False","False","Your chosen moon phase - MD-MINI-CD","MD-MINI-CD","","20.0000","","3.50000","0 %","","70.00000","","Taxable","","","False","False"
"Emergency stock July 2025","Started","Unpaid","Moonglow US","Moonglow LLC","","riaz@moonglow.com","5183 NW 74th Ave ","","Miami","FL","US","33166 ","","","Shop 1B","1794 David Low Way","Coolum Beach","QLD","Australia","4573","","USD","0.6514300000","$0.00","7/29/2025 3:55:38 AM +00:00","received 40 (20 were 7D in error) FS10-6D / FS10-7D extra 120 received. 10 extra 2r Gold, 40 Mini Ituri Silver, 20 extra Mini Usambara Silver. extra 20 NL FS10. ALL ADDED TO PO.","0.00000","","","0.00000","","","Moonglow HQ","","","Non-Taxable","0.00000","0.00000","False","Non-Taxable","","False","False","Your chosen moon phase - MD-MINI-NL","MD-MINI-NL","","160.0000","","3.50000","0 %","","560.00000","","Taxable","","","False","False"
"Emergency stock July 2025","Started","Unpaid","Moonglow US","Moonglow LLC","","riaz@moonglow.com","5183 NW 74th Ave ","","Miami","FL","US","33166 ","","","Shop 1B","1794 David Low Way","Coolum Beach","QLD","Australia","4573","","USD","0.6514300000","$0.00","7/29/2025 3:55:38 AM +00:00","received 40 (20 were 7D in error) FS10-6D / FS10-7D extra 120 received. 10 extra 2r Gold, 40 Mini Ituri Silver, 20 extra Mini Usambara Silver. extra 20 NL FS10. ALL ADDED TO PO.","0.00000","","","0.00000","","","Moonglow HQ","","","Non-Taxable","0.00000","0.00000","False","Non-Taxable","","False","False","Your chosen moon phase - MD-MINI-PL","MD-MINI-PL","","100.0000","","3.50000","0 %","","350.00000","","Taxable","","","False","False"
"Emergency stock July 2025","Started","Unpaid","Moonglow US","Moonglow LLC","","riaz@moonglow.com","5183 NW 74th Ave ","","Miami","FL","US","33166 ","","","Shop 1B","1794 David Low Way","Coolum Beach","QLD","Australia","4573","","USD","0.6514300000","$0.00","7/29/2025 3:55:38 AM +00:00","received 40 (20 were 7D in error) FS10-6D / FS10-7D extra 120 received. 10 extra 2r Gold, 40 Mini Ituri Silver, 20 extra Mini Usambara Silver. extra 20 NL FS10. ALL ADDED TO PO.","0.00000","","","0.00000","","","Moonglow HQ","","","Non-Taxable","0.00000","0.00000","False","Non-Taxable","","False","False","Meteor in silver pendant","PE-001-SP","","20.0000","","5.48000","0 %","","109.60000","","Taxable","","","False","False"
"Emergency stock July 2025","Started","Unpaid","Moonglow US","Moonglow LLC","","riaz@moonglow.com","5183 NW 74th Ave ","","Miami","FL","US","33166 ","","","Shop 1B","1794 David Low Way","Coolum Beach","QLD","Australia","4573","","USD","0.6514300000","$0.00","7/29/2025 3:55:38 AM +00:00","received 40 (20 were 7D in error) FS10-6D / FS10-7D extra 120 received. 10 extra 2r Gold, 40 Mini Ituri Silver, 20 extra Mini Usambara Silver. extra 20 NL FS10. ALL ADDED TO PO.","0.00000","","","0.00000","","","Moonglow HQ","","","Non-Taxable","0.00000","0.00000","False","Non-Taxable","","False","False","Meteor in yellow gold pendant","PE-001-GP","","10.0000","","27.72000","0 %","","277.20000","","Taxable","","","False","False"
"Emergency stock July 2025","Started","Unpaid","Moonglow US","Moonglow LLC","","riaz@moonglow.com","5183 NW 74th Ave ","","Miami","FL","US","33166 ","","","Shop 1B","1794 David Low Way","Coolum Beach","QLD","Australia","4573","","USD","0.6514300000","$0.00","7/29/2025 3:55:38 AM +00:00","received 40 (20 were 7D in error) FS10-6D / FS10-7D extra 120 received. 10 extra 2r Gold, 40 Mini Ituri Silver, 20 extra Mini Usambara Silver. extra 20 NL FS10. ALL ADDED TO PO.","0.00000","","","0.00000","","","Moonglow HQ","","","Non-Taxable","0.00000","0.00000","False","Non-Taxable","","False","False","Simplicity silver regular pendant","CM-005-SP-1R","","50.0000","","6.18000","0 %","","309.00000","","Taxable","","","False","False"
"Emergency stock July 2025","Started","Unpaid","Moonglow US","Moonglow LLC","","riaz@moonglow.com","5183 NW 74th Ave ","","Miami","FL","US","33166 ","","","Shop 1B","1794 David Low Way","Coolum Beach","QLD","Australia","4573","","USD","0.6514300000","$0.00","7/29/2025 3:55:38 AM +00:00","received 40 (20 were 7D in error) FS10-6D / FS10-7D extra 120 received. 10 extra 2r Gold, 40 Mini Ituri Silver, 20 extra Mini Usambara Silver. extra 20 NL FS10. ALL ADDED TO PO.","0.00000","","","0.00000","","","Moonglow HQ","","","Non-Taxable","0.00000","0.00000","False","Non-Taxable","","False","False","Mini Simplicity in yellow gold pendant","CM10-007-GP-1R","","30.0000","","18.93000","0 %","","567.90000","","Taxable","","","False","False"
"Emergency stock July 2025","Started","Unpaid","Moonglow US","Moonglow LLC","","riaz@moonglow.com","5183 NW 74th Ave ","","Miami","FL","US","33166 ","","","Shop 1B","1794 David Low Way","Coolum Beach","QLD","Australia","4573","","USD","0.6514300000","$0.00","7/29/2025 3:55:38 AM +00:00","received 40 (20 were 7D in error) FS10-6D / FS10-7D extra 120 received. 10 extra 2r Gold, 40 Mini Ituri Silver, 20 extra Mini Usambara Silver. extra 20 NL FS10. ALL ADDED TO PO.","0.00000","","","0.00000","","","Moonglow HQ","","","Non-Taxable","0.00000","0.00000","False","Non-Taxable","","False","False","Yellow gold mini double-sided round charm","CM10-007-GP-2R","","50.0000","","18.93000","0 %","","946.50000","","Taxable","","","False","False"
"Emergency stock July 2025","Started","Unpaid","Moonglow US","Moonglow LLC","","riaz@moonglow.com","5183 NW 74th Ave ","","Miami","FL","US","33166 ","","","Shop 1B","1794 David Low Way","Coolum Beach","QLD","Australia","4573","","USD","0.6514300000","$0.00","7/29/2025 3:55:38 AM +00:00","received 40 (20 were 7D in error) FS10-6D / FS10-7D extra 120 received. 10 extra 2r Gold, 40 Mini Ituri Silver, 20 extra Mini Usambara Silver. extra 20 NL FS10. ALL ADDED TO PO.","0.00000","","","0.00000","","","Moonglow HQ","","","Non-Taxable","0.00000","0.00000","False","Non-Taxable","","False","False","Mini Usambara, three yellow gold pendant","MP10-009-GP","","20.0000","","56.82000","0 %","","1136.40000","","Taxable","","","False","False"
"Emergency stock July 2025","Started","Unpaid","Moonglow US","Moonglow LLC","","riaz@moonglow.com","5183 NW 74th Ave ","","Miami","FL","US","33166 ","","","Shop 1B","1794 David Low Way","Coolum Beach","QLD","Australia","4573","","USD","0.6514300000","$0.00","7/29/2025 3:55:38 AM +00:00","received 40 (20 were 7D in error) FS10-6D / FS10-7D extra 120 received. 10 extra 2r Gold, 40 Mini Ituri Silver, 20 extra Mini Usambara Silver. extra 20 NL FS10. ALL ADDED TO PO.","0.00000","","","0.00000","","","Moonglow HQ","","","Non-Taxable","0.00000","0.00000","False","Non-Taxable","","False","False","2 silver mini double-sided linked round charm","BR10-010-SP-2","","20.0000","","9.75000","0 %","","195.00000","","Taxable","","","False","False"
"Emergency stock July 2025","Started","Unpaid","Moonglow US","Moonglow LLC","","riaz@moonglow.com","5183 NW 74th Ave ","","Miami","FL","US","33166 ","","","Shop 1B","1794 David Low Way","Coolum Beach","QLD","Australia","4573","","USD","0.6514300000","$0.00","7/29/2025 3:55:38 AM +00:00","received 40 (20 were 7D in error) FS10-6D / FS10-7D extra 120 received. 10 extra 2r Gold, 40 Mini Ituri Silver, 20 extra Mini Usambara Silver. extra 20 NL FS10. ALL ADDED TO PO.","0.00000","","","0.00000","","","Moonglow HQ","","","Non-Taxable","0.00000","0.00000","False","Non-Taxable","","False","False","3 silver mini double-sided linked round charm","BR10-010-SP-3","","30.0000","","14.57000","0 %","","437.10000","","Taxable","","","False","False"
"Emergency stock July 2025","Started","Unpaid","Moonglow US","Moonglow LLC","","riaz@moonglow.com","5183 NW 74th Ave ","","Miami","FL","US","33166 ","","","Shop 1B","1794 David Low Way","Coolum Beach","QLD","Australia","4573","","USD","0.6514300000","$0.00","7/29/2025 3:55:38 AM +00:00","received 40 (20 were 7D in error) FS10-6D / FS10-7D extra 120 received. 10 extra 2r Gold, 40 Mini Ituri Silver, 20 extra Mini Usambara Silver. extra 20 NL FS10. ALL ADDED TO PO.","0.00000","","","0.00000","","","Moonglow HQ","","","Non-Taxable","0.00000","0.00000","False","Non-Taxable","","False","False","Your chosen moon phase - FS10-5A","FS10-5A","","40.0000","","4.65000","0 %","","186.00000","","Taxable","","","False","False"
"Emergency stock July 2025","Started","Unpaid","Moonglow US","Moonglow LLC","","riaz@moonglow.com","5183 NW 74th Ave ","","Miami","FL","US","33166 ","","","Shop 1B","1794 David Low Way","Coolum Beach","QLD","Australia","4573","","USD","0.6514300000","$0.00","7/29/2025 3:55:38 AM +00:00","received 40 (20 were 7D in error) FS10-6D / FS10-7D extra 120 received. 10 extra 2r Gold, 40 Mini Ituri Silver, 20 extra Mini Usambara Silver. extra 20 NL FS10. ALL ADDED TO PO.","0.00000","","","0.00000","","","Moonglow HQ","","","Non-Taxable","0.00000","0.00000","False","Non-Taxable","","False","False","Your chosen moon phase - FS10-6A","FS10-6A","","40.0000","","4.65000","0 %","","186.00000","","Taxable","","","False","False"
"Emergency stock July 2025","Started","Unpaid","Moonglow US","Moonglow LLC","","riaz@moonglow.com","5183 NW 74th Ave ","","Miami","FL","US","33166 ","","","Shop 1B","1794 David Low Way","Coolum Beach","QLD","Australia","4573","","USD","0.6514300000","$0.00","7/29/2025 3:55:38 AM +00:00","received 40 (20 were 7D in error) FS10-6D / FS10-7D extra 120 received. 10 extra 2r Gold, 40 Mini Ituri Silver, 20 extra Mini Usambara Silver. extra 20 NL FS10. ALL ADDED TO PO.","0.00000","","","0.00000","","","Moonglow HQ","","","Non-Taxable","0.00000","0.00000","False","Non-Taxable","","False","False","Your chosen moon phase - FS10-4D","FS10-4D","","20.0000","","4.65000","0 %","","93.00000","","Taxable","","","False","False"
"Emergency stock July 2025","Started","Unpaid","Moonglow US","Moonglow LLC","","riaz@moonglow.com","5183 NW 74th Ave ","","Miami","FL","US","33166 ","","","Shop 1B","1794 David Low Way","Coolum Beach","QLD","Australia","4573","","USD","0.6514300000","$0.00","7/29/2025 3:55:38 AM +00:00","received 40 (20 were 7D in error) FS10-6D / FS10-7D extra 120 received. 10 extra 2r Gold, 40 Mini Ituri Silver, 20 extra Mini Usambara Silver. extra 20 NL FS10. ALL ADDED TO PO.","0.00000","","","0.00000","","","Moonglow HQ","","","Non-Taxable","0.00000","0.00000","False","Non-Taxable","","False","False","Your chosen moon phase - FS10-5D","FS10-5D","","40.0000","","4.65000","0 %","","186.00000","","Taxable","","","False","False"
"Emergency stock July 2025","Started","Unpaid","Moonglow US","Moonglow LLC","","riaz@moonglow.com","5183 NW 74th Ave ","","Miami","FL","US","33166 ","","","Shop 1B","1794 David Low Way","Coolum Beach","QLD","Australia","4573","","USD","0.6514300000","$0.00","7/29/2025 3:55:38 AM +00:00","received 40 (20 were 7D in error) FS10-6D / FS10-7D extra 120 received. 10 extra 2r Gold, 40 Mini Ituri Silver, 20 extra Mini Usambara Silver. extra 20 NL FS10. ALL ADDED TO PO.","0.00000","","","0.00000","","","Moonglow HQ","","","Non-Taxable","0.00000","0.00000","False","Non-Taxable","","False","False","Your chosen moon phase - FS10-6D","FS10-6D","","60.0000","","4.65000","0 %","","279.00000","","Taxable","","","False","False"
"Emergency stock July 2025","Started","Unpaid","Moonglow US","Moonglow LLC","","riaz@moonglow.com","5183 NW 74th Ave ","","Miami","FL","US","33166 ","","","Shop 1B","1794 David Low Way","Coolum Beach","QLD","Australia","4573","","USD","0.6514300000","$0.00","7/29/2025 3:55:38 AM +00:00","received 40 (20 were 7D in error) FS10-6D / FS10-7D extra 120 received. 10 extra 2r Gold, 40 Mini Ituri Silver, 20 extra Mini Usambara Silver. extra 20 NL FS10. ALL ADDED TO PO.","0.00000","","","0.00000","","","Moonglow HQ","","","Non-Taxable","0.00000","0.00000","False","Non-Taxable","","False","False","Your chosen moon phase - FS10-7D","FS10-7D","","200.0000","","4.65000","0 %","","930.00000","","Taxable","","","False","False"
"Emergency stock July 2025","Started","Unpaid","Moonglow US","Moonglow LLC","","riaz@moonglow.com","5183 NW 74th Ave ","","Miami","FL","US","33166 ","","","Shop 1B","1794 David Low Way","Coolum Beach","QLD","Australia","4573","","USD","0.6514300000","$0.00","7/29/2025 3:55:38 AM +00:00","received 40 (20 were 7D in error) FS10-6D / FS10-7D extra 120 received. 10 extra 2r Gold, 40 Mini Ituri Silver, 20 extra Mini Usambara Silver. extra 20 NL FS10. ALL ADDED TO PO.","0.00000","","","0.00000","","","Moonglow HQ","","","Non-Taxable","0.00000","0.00000","False","Non-Taxable","","False","False","Your chosen moon phase - FS10-CA","FS10-CA","","40.0000","","4.65000","0 %","","186.00000","","Taxable","","","False","False"
"Emergency stock July 2025","Started","Unpaid","Moonglow US","Moonglow LLC","","riaz@moonglow.com","5183 NW 74th Ave ","","Miami","FL","US","33166 ","","","Shop 1B","1794 David Low Way","Coolum Beach","QLD","Australia","4573","","USD","0.6514300000","$0.00","7/29/2025 3:55:38 AM +00:00","received 40 (20 were 7D in error) FS10-6D / FS10-7D extra 120 received. 10 extra 2r Gold, 40 Mini Ituri Silver, 20 extra Mini Usambara Silver. extra 20 NL FS10. ALL ADDED TO PO.","0.00000","","","0.00000","","","Moonglow HQ","","","Non-Taxable","0.00000","0.00000","False","Non-Taxable","","False","False","Your chosen moon phase - FS10-CD","FS10-CD","","20.0000","","4.65000","0 %","","93.00000","","Taxable","","","False","False"
"Emergency stock July 2025","Started","Unpaid","Moonglow US","Moonglow LLC","","riaz@moonglow.com","5183 NW 74th Ave ","","Miami","FL","US","33166 ","","","Shop 1B","1794 David Low Way","Coolum Beach","QLD","Australia","4573","","USD","0.6514300000","$0.00","7/29/2025 3:55:38 AM +00:00","received 40 (20 were 7D in error) FS10-6D / FS10-7D extra 120 received. 10 extra 2r Gold, 40 Mini Ituri Silver, 20 extra Mini Usambara Silver. extra 20 NL FS10. ALL ADDED TO PO.","0.00000","","","0.00000","","","Moonglow HQ","","","Non-Taxable","0.00000","0.00000","False","Non-Taxable","","False","False","Your chosen moon phase - FS10-NL","FS10-NL","","80.0000","","4.65000","0 %","","372.00000","","Taxable","","","False","False"
"Emergency stock July 2025","Started","Unpaid","Moonglow US","Moonglow LLC","","riaz@moonglow.com","5183 NW 74th Ave ","","Miami","FL","US","33166 ","","","Shop 1B","1794 David Low Way","Coolum Beach","QLD","Australia","4573","","USD","0.6514300000","$0.00","7/29/2025 3:55:38 AM +00:00","received 40 (20 were 7D in error) FS10-6D / FS10-7D extra 120 received. 10 extra 2r Gold, 40 Mini Ituri Silver, 20 extra Mini Usambara Silver. extra 20 NL FS10. ALL ADDED TO PO.","0.00000","","","0.00000","","","Moonglow HQ","","","Non-Taxable","0.00000","0.00000","False","Non-Taxable","","False","False","Your chosen moon phase - FS10-PL","FS10-PL","","50.0000","","4.65000","0 %","","232.50000","","Taxable","","","False","False"
"Emergency stock July 2025","Started","Unpaid","Moonglow US","Moonglow LLC","","riaz@moonglow.com","5183 NW 74th Ave ","","Miami","FL","US","33166 ","","","Shop 1B","1794 David Low Way","Coolum Beach","QLD","Australia","4573","","USD","0.6514300000","$0.00","7/29/2025 3:55:38 AM +00:00","received 40 (20 were 7D in error) FS10-6D / FS10-7D extra 120 received. 10 extra 2r Gold, 40 Mini Ituri Silver, 20 extra Mini Usambara Silver. extra 20 NL FS10. ALL ADDED TO PO.","0.00000","","","0.00000","","","Moonglow HQ","","","Non-Taxable","0.00000","0.00000","False","Non-Taxable","","False","False","Mini Usambara three drop silver pendant","MP10-009-SP","","30.0000","","15.87000","0 %","","476.10000","","Taxable","","","False","False"
"Emergency stock July 2025","Started","Unpaid","Moonglow US","Moonglow LLC","","riaz@moonglow.com","5183 NW 74th Ave ","","Miami","FL","US","33166 ","","","Shop 1B","1794 David Low Way","Coolum Beach","QLD","Australia","4573","","USD","0.6514300000","$0.00","7/29/2025 3:55:38 AM +00:00","received 40 (20 were 7D in error) FS10-6D / FS10-7D extra 120 received. 10 extra 2r Gold, 40 Mini Ituri Silver, 20 extra Mini Usambara Silver. extra 20 NL FS10. ALL ADDED TO PO.","0.00000","","","0.00000","","","Moonglow HQ","","","Non-Taxable","0.00000","0.00000","False","Non-Taxable","","False","False","Mini Ituri two drop yellow gold pendant","MP10-004-GP","","20.0000","","37.88000","0 %","","757.60000","","Taxable","","","False","False"
"Emergency stock July 2025","Started","Unpaid","Moonglow US","Moonglow LLC","","riaz@moonglow.com","5183 NW 74th Ave ","","Miami","FL","US","33166 ","","","Shop 1B","1794 David Low Way","Coolum Beach","QLD","Australia","4573","","USD","0.6514300000","$0.00","7/29/2025 3:55:38 AM +00:00","received 40 (20 were 7D in error) FS10-6D / FS10-7D extra 120 received. 10 extra 2r Gold, 40 Mini Ituri Silver, 20 extra Mini Usambara Silver. extra 20 NL FS10. ALL ADDED TO PO.","0.00000","","","0.00000","","","Moonglow HQ","","","Non-Taxable","0.00000","0.00000","False","Non-Taxable","","False","False","Mini Ituri two drop silver pendant","MP10-004-SP","","40.0000","","10.58000","0 %","","423.20000","","Taxable","","","False","False"
